<?xml version="1.0" encoding="UTF-8" ?>

<!-- MyBatis 매퍼의 DTD(Document Type Definition)를 정의하여 XML 문서의 구조를 규정한다. -->
<!DOCTYPE mapper
        PUBLIC "-//mybatis.org//DTD Mapper 3.0//EN"
        "http://mybatis.org/dtd/mybatis-3-mapper.dtd">

<!-- MyBatis 매퍼의 네임스페이스를 정의한다.
     이 네임스페이스는 매퍼 인터페이스와 연관되며, SQL 문을 정의할 때 이 네임스페이스를 사용하여 쿼리를 구별한다. -->
<mapper namespace="org.scoula.board.mapper.BoardMapper">

    <resultMap id="attachmentMap" type="org.scoula.board.domain.BoardAttachmentVO">
        <id column="ano" property="no"/>
        <result column="bno" property="bno"/>
        <result column="filename" property="filename"/>
        <result column="path" property="path"/>
        <result column="contentType" property="contentType"/>
        <result column="size" property="size"/>
        <result column="a_reg_date" property="regDate"/>
    </resultMap>
    <resultMap id="boardMap" type="org.scoula.board.domain.BoardVO">
        <id column="no" property="no"/>
        <result column="title" property="title"/>
        <result column="content" property="content"/>
        <result column="writer" property="writer"/>
        <result column="reg_date" property="regDate"/>
        <result column="update_date" property="updateDate"/>
        <collection property="attaches" resultMap="attachmentMap"/>
    </resultMap>

    <!-- `id` 속성은 이 SQL 쿼리의 식별자이며, `BoardMapper` 인터페이스에서 호출할 때 사용된다.
         `resultType` 속성은 쿼리 결과를 매핑할 자바 객체의 타입을 지정한다.
         이 경우 `BoardVO` 타입으로 매핑된다. -->
    <select id="getList" resultType="BoardVO">

        <!-- CDATA 섹션은 XML 문서 내에서 특수 문자가 포함된 문자열을 처리할 때 사용된다.
             이 안에 작성된 내용은 XML 파서에 의해 일반 텍스트로 취급되며, SQL 쿼리에서 사용될 수 있다. -->
        <![CDATA[
        select *
        from tbl_board
        order by no desc
        ]]>
    </select>

    <!-- 특정 게시글을 조회하는 SQL 쿼리 -->
    <select id="get" resultMap="boardMap">
        select b.*, a.no as ano, a.bno, a.filename, a.path,
               a.content_type, a.size, a.reg_date as a_reg_date
        from tbl_board b
                 left outer join tbl_board_attachment a
                                 on b.no = a.bno
        where b.no = #{no}
        order by filename
    </select>

    <!-- 새 게시글을 작성하는 SQL 쿼리 -->
    <insert id="create">
        insert into tbl_board (title, content, writer)
        values (#{title}, #{content}, #{writer})
        <!-- 게시글 생성 후 자동 생성된 ID를 가져오는 쿼리 -->
        <selectKey resultType="Long" keyProperty="no" keyColumn="no" order="AFTER">
            SELECT LAST_INSERT_ID()
        </selectKey>
    </insert>

    <!-- 게시글을 수정하는 SQL 쿼리 -->
    <update id="update">
        update tbl_board set
                             title = #{title},
                             content = #{content},
                             writer = #{writer},
                             update_date = now()
        where no = #{no}
    </update>

    <!-- 게시글을 삭제하는 SQL 쿼리 -->
    <delete id="delete">
        delete from tbl_board where no = #{no}
    </delete>

    <insert id="createAttachment">
        insert into tbl_board_attachment(filename, path, content_type, size, bno)
        values(#{filename}, #{path}, #{contentType}, #{size}, #{bno})
    </insert>
    <select id="getAttachmentList" resultType="BoardAttachmentVO">
        select * from tbl_board_attachment
        where bno = #{bno}
        order by filename
    </select>
    <select id="getAttachment" resultType="BoardAttachmentVO">
        select * from tbl_board_attachment
        where no = #{no}
    </select>
    <delete id="deleteAttachment">
    delete from tbl_board_attachment
    where no = #{no}
    </delete>

</mapper>
